config.c	load_config	0x102000	174
config.c	save_config_file	0x112250	86
connect.c	open_transport	0x1192b6	410
directory.c	vote	0x10c510	114
directory.c	extend_life	0x10c428	162
directory.c	account	0x10c582	220
directory.c	put_frame	0x10c2f8	226
directory.c	put_frame_xfer	0x10c270	110
directory_parse.c	parse_directory_frame	0x10935a	454
directory_select.c	hilite_row	0x10565e	46
directory_select.c	dir_select	0x10935a	454
directory_select.c	directory_repaint	0x1096c8	388
directory_select.c	mail_state_enter	0x1091f2	180
dispatch.c	hook_dir_09898	0x109898	80
dispatch.c	hook_dir_0984c	0x10984c	76
dispatch.c	hook_dir_0956c	-	-
dispatch.c	hook_dir_095b0	-	-
dispatch.c	hook_dir_095f6	-	-
dispatch.c	hook_dir_0963c	-	-
dispatch.c	hook_dir_09682	-	-
dispatch.c	hook_nav_0a3d0	-	-
dispatch.c	hook_nav_0a3f8	-	-
dispatch.c	hook_nav_0a43e	-	-
dispatch.c	hook_nav_0a484	-	-
dispatch.c	hook_nav_0a4ca	-	-
dispatch.c	editor_command	0x12015b	-
dispatch.c	hook_main_menu	0x102a0a	-
dispatch.c	hook_connect_menu	0x1036d2	-
dispatch.c	hook_connect_entry	0x103704	-
dispatch.c	hook_link_entry	-	-
dispatch.c	hook_render_entry	-	-
dispatch.c	hook_save_config	0x1122a6	416
dispatch.c	hook_serial_setup	0x114000	80
dispatch.c	hook_ed_172f4	-	-
dispatch.c	hook_ed_1733a	-	-
dispatch.c	hook_ed_17380	-	-
dispatch.c	hook_ed_173c6	-	-
dispatch.c	hook_ed_1740c	-	-
dispatch.c	hook_ed_17470	-	-
dispatch.c	hook_16000	0x116000	-
dispatch.c	hook_16200	-	-
dispatch.c	hook_16400	-	-
dosio.c	file_open_read	0x11a3c6	56
dosio.c	file_open_write	-	-
dosio.c	file_close	-	-
dosio.c	file_read	-	-
dosio.c	file_write	-	-
dosio.c	config_open_read	0x11a41e	194
dosio.c	config_free	-	-
dosio.c	config_open_write	-	-
dosio.c	load_seg_tracked	0x11a868	52
dosio.c	create_proc	0x1280b4	26
dosio.c	upload_read_file	0x10c0b4	58
dosio.c	dos_execute	0x128120	26
event_loop.c	client_main	0x1029e6	36
event_loop.c	event_loop	0x102814	340
event_loop.c	disconnect	0x11f128	-
frame.c	frame_advance_cursor	0x1051de	64
frame.c	frame_redraw	0x107156	88
frame.c	frame_clear_region	0x10544e	110
frame.c	frame_insert_char	0x10527e	248
frame.c	frame_delete_char	0x105376	216
frame.c	read_frame_byte	0x10800c	122
frame.c	frame_rle_getchar	0x108086	84
frame.c	frame_has_more_pages	0x1203b2	-
frame.c	render_char	0x1054f8	358
frame.c	build_font	0x106000	246
frame.c	blit_char_cell	0x107000	342
frame.c	frame_advance_cursor	0x1051de	64
frame.c	frame_redraw	0x107156	88
frame.c	frame_clear_region	0x10544e	110
frame.c	frame_insert_char	0x10527e	248
frame.c	frame_delete_char	0x105376	216
frame.c	frame_reset_page	0x10568c	30
frame.c	frame_display	0x10818a	202
frame.c	mem_getbyte	0x1203a8	-
frame.c	frame_display_mem	-	-
frame.c	frame_display_done	0x11754e	134
frame.c	frame_write_string	0x10565e	46
frame.c	frame_home	0x105180	26
frame.c	frame_set_cursor	0x1056aa	32
frame.c	frame_pen_lower	0x105022	18
frame.c	frame_pen_upper	0x10506a	18
frame.c	frame_row_newline	0x105250	46
frame_control.c	set_colour_black	0x10510c	18
frame_control.c	set_colour_white	-	-
frame_control.c	set_colour_red	-	-
frame_control.c	set_colour_cyan	-	-
frame_control.c	set_colour_purple	-	-
frame_control.c	set_colour_green	-	-
frame_control.c	set_colour_blue	-	-
frame_control.c	set_colour_yellow	-	-
frame_control.c	set_colour_orange	-	-
frame_control.c	set_colour_brown	-	-
frame_control.c	set_colour_lt_red	-	-
frame_control.c	set_colour_grey1	-	-
frame_control.c	set_colour_grey2	-	-
frame_control.c	set_colour_lt_grn	-	-
frame_control.c	set_colour_lt_blu	-	-
frame_control.c	set_colour_grey3	-	-
frame_control.c	reverse_on	0x105130	16
frame_control.c	reverse_off	-	-
frame_control.c	charset_lower	0x105162	30
frame_control.c	charset_upper	-	-
frame_control.c	cursor_home	0x10521e	50
frame_control.c	cursor_down	-	-
frame_control.c	cursor_up	-	-
frame_control.c	cursor_right	-	-
frame_control.c	cursor_left	-	-
frame_control.c	carriage_return	0x105250	46
frame_control.c	insert_char	0x105376	216
frame_control.c	delete_char	-	-
frame_control.c	clear_screen	0x1054bc	52
frame_control.c	ctrl_nop	0x1054f0	8
frame_gfx.c	frame_offscreen_begin	0x1060f6	134
frame_gfx.c	frame_offscreen_end	0x10617c	108
frame_gfx.c	frame_border	0x1061e8	142
frame_gfx.c	blt_font_to_rastport	0x107000	342
launch.c	dbg	0x1026ae	358
launch.c	launch_editor	0x1025de	208
launch.c	launch_tty	0x1026ae	358
launch_helpers.c	load_screen_palette	0x11a16c	48
launch_helpers.c	find_task	-	-
launch_helpers.c	set_menu_strip_tracked	0x11a588	40
launch_helpers.c	unshare_user_port	0x11a5d0	102
launch_helpers.c	share_user_port	0x11a636	52
login.c	send_login_record	0x1032fa	322
login.c	wait_connect_handshake	0x103162	408
login.c	do_connect	0x10343c	662
login.c	validate_login	0x10e0fc	140
mail.c	append_recipients	0x10e468	558
mail.c	mail_submit	0x10e188	528
mail.c	mail_read	0x10e468	558
mail.c	mail_prepare	0x10e000	88
mail.c	mail_upload_mode	0x10f09e	120
mail.c	id_check_mode	0x10f116	120
mail.c	mail_open_window	0x10f000	158
mail.c	mail_close_window	0x10f18e	22
mail.c	mail_append	0x10e430	56
mail.c	mail_dialog_loop	0x10f3c8	380
mail.c	mail_run_upload_dialog	0x10f23a	398
mail.c	mail_run_id_dialog	-	-
menu.c	init_itext	0x11a1ee	74
menu.c	build_menu_strip	-	-
menu.c	menu_dispatch	0x11b478	52
modem.c	wait_write	0x103024	138
modem.c	wait_read	-	-
modem.c	dial_modem	0x119950	58
modem.c	modem_read_status	0x119a60	100
modem.c	modem_send_delayed	0x1198e0	112
modem.c	modem_delay	0x1280f8	20
modem.c	modem_send	0x103024	138
navigate.c	goto_page	0x10a1e2	184
navigate.c	link_follow	0x1098e8	216
navigate.c	link_goto	0x10a310	116
navigate.c	leave_page	0x102968	126
osglue.c	open_dos_library	0x1001c4	22
osglue.c	open_library_checked	0x11a290	56
osglue.c	put_msg	0x1290f4	22
osglue.c	link_lock	0x109520	76
osglue.c	fatal_exit	0x11a11e	20
osglue.c	handle_extra_signal	0x119506	100
osglue.c	handle_device_message	0x1190e8	260
partyline.c	partyline_open	0x119000	160
partyline.c	logon_window_ready	0x11949a	46
resources.c	alloc_tracked	0x11a1ee	74
resources.c	free_tracked	0x11a238	52
resources.c	res_register	0x11a132	58
resources.c	resource_register_free	0x11a16c	48
resources.c	resource_mark	0x11ff2a	-
resources.c	resource_commit	-	-
resources.c	cleanup_resources	0x11ff2a	-
resources.c	resource_unregister	0x11a19c	82
resources.c	cleanup_all_resources	0x11a0f0	46
resources.c	alloc_tracked	0x11a1ee	74
resources.c	free_tracked	0x11a238	52
settings.c	str_upper	0x11513a	46
settings.c	settings_close	0x11216c	22
settings.c	settings_open	0x112000	364
settings.c	settings_apply	0x112182	206
settings.c	settings_toggle	0x11f356	-
settings.c	settings_dialog	0x1122a6	416
startup.c	main	0x1001c4	22
transfer.c	download_check	0x10b730	102
transfer.c	file_download_xfer	0x10b174	370
transfer.c	download_receive	0x10b2e6	136
transfer.c	upload_file	0x10c0ee	354
transfer.c	action_download	0x10b380	398
transport.c	wait_for_completion	0x11fd74	-
transport.c	report_result	-	-
transport.c	serial_write	0x11956a	274
transport.c	serial_read	0x11967c	290
transport.c	serial_io_c	0x11979e	322
transport.c	send_dat_packet	0x108254	42
ui.c	open_screen_tracked	0x11a16c	48
ui.c	open_window_tracked	0x11a4e0	52
ui.c	close_window_tracked	0x11a19c	82
ui.c	open_logon_window	0x1030c6	134
ui.c	close_logon_window	0x10314c	22
ui.c	close_connection_window	0x10314c	22
ui.c	logon_text_append	0x103024	138
ui.c	str_upper	0x11513a	46
ui.c	logon_poll	0x121830	-
ui.c	open_frame_window	0x1174d4	122
ui.c	init_directory	0x1099c0	114
ui.c	directory_refresh	0x109a5e	1924
ui.c	show_status_message	0x115000	58
ui.c	ui_set_title	0x10217a	162
ui.c	set_wait_pointer	0x1020ae	204
ui.c	clear_wait_pointer	0x10221c	96
ui_dialogs.c	about_dialog	0x104000	304
ui_dialogs.c	run_requester	0x11f054	-
ui_dialogs.c	requester_2line	0x11f054	-
ui_dialogs.c	status_ok_dialog	0x110472	52
ui_dialogs.c	retry_dialog	0x11f0b7	-
ui_dialogs.c	string_prompt	0x110390	32
ui_dialogs.c	number_prompt	0x110306	138
ui_dialogs.c	goto_page_prompt	0x10a2e2	46
ui_dialogs.c	vote_choice_prompt	0x10c4ca	70
ui_dialogs.c	extend_by_prompt	0x10c404	36
ui_dialogs.c	upload_filename_prompt	0x10c000	48
ui_dialogs.c	download_machine_prompt	0x10b0ea	138
ui_dialogs.c	set_connection_error	0x120170	-
ui_dialogs.c	dir_action_cleanup	0x10d0d0	22
ui_dialogs.c	apply_serial_params	0x114050	86
ui_dialogs.c	put_frame_type_ok	0x10c2f8	226
ui_dialogs.c	download_filename_prompt	0x10b06e	124
ui_state.c	menu_enable	0x10227c	64
ui_state.c	dir_gadgets_enable	0x1022bc	152
ui_state.c	frame_gadgets_enable	0x102354	152
ui_state.c	set_connection_state	0x1023ec	498
